,website_path,course_title,location,holes,courses
0,https://foreupsoftware.com/index.php/booking/19640#/welcome,[Demo] Cayacoa Golf Course,"387 S 520 W Lindon, AL 84042 USA ","9, 18, Both","[{'course_id': '9055', 'course_name': '9 Hole Test'}, {'course_id': ' 5523', 'course_name': ' New Tee Sheet [ID: 5523]'}]"
1,https://foreupsoftware.com/index.php/booking/19466#/welcome,27 Hole Template Demo,"387 S 520 W Lindon, UT 84042 USA ","9, 18","[{'course_id': '1695', 'course_name': 'Graveyard /Windmill'}]"
2,https://foreupsoftware.com/index.php/booking/19015#/welcome,A.H. Blank Golf Course,"808 Country Line Road Des Moines, IA 50315 USA ","9, 18, Both","[{'course_id': '760', 'course_name': 'BLANK'}]"
3,https://foreupsoftware.com/index.php/booking/19469#/welcome,Aguila Golf Course,"8440 S. 35th Ave. Phoenix, AZ 85339 USA ",9,"[{'course_id': '1704', 'course_name': 'Aguila Golf Course - 9 Hole'}]"
4,https://foreupsoftware.com/index.php/booking/19749#/welcome,Ashley Plantation Country Club,"919 Greenfield St Daleville, VA 24083 USA ","9, 18","[{'course_id': '2391', 'course_name': 'Ashley Plantation'}]"
5,https://foreupsoftware.com/index.php/booking/19717#/welcome,Babe Zaharias Golf Course,"3500 Jimmy Johnson Blvd Port Arthur, TX 77642 USA ","9, 18, Both","[{'course_id': '2254', 'course_name': 'Babe Zaharias'}]"
6,https://foreupsoftware.com/index.php/booking/19145#/welcome,Bailey Creek Golf Course,"433 Durkin Dr Lake Almanor, CA 96137 USA ",,"[{'course_id': '1173', 'course_name': 'Bailey Creek'}]"
7,https://foreupsoftware.com/index.php/booking/19361#/welcome,Bangor Municipal Golf Course,"278 WEBSTER AVE BANGOR, ME 04401 USA ",,"[{'course_id': '1489', 'course_name': 'Championship Course'}, {'course_id': ' 1584', 'course_name': ' Kelly Nine'}]"
8,https://foreupsoftware.com/index.php/booking/19436#/welcome,Benton Golf & Country Club,"P.O. Box 221 Benton, KY 42025 USA ",,"[{'course_id': '1626', 'course_name': 'Benton Golf & Country Club'}]"
9,https://foreupsoftware.com/index.php/booking/19765#/teetimes,BethPage State Park ," 99 Quaker Meeting House Road, Farmingdale, NY, 11735 USA",,"[{'course_id': '2431', 'course_name': 'Black course'}, {'course_id': ' 2433', 'course_name': ' Blue course'}, {'course_id': ' 2434', 'course_name': ' Green course'}, {'course_id': ' 2432', 'course_name': ' Red course'}, {'course_id': ' 2435', 'course_name': ' Yellow course'}]"
10,https://foreupsoftware.com/index.php/booking/19417#/welcome,Bison Golf Club,"1 N. Bison Preserve Dr Show Low, AZ 85901 USA ","9, 18, Both","[{'course_id': '1595', 'course_name': 'Birdie Ranch at Silver Creek Golf Club'}, {'course_id': ' 1594', 'course_name': ' Bison Golf Club'}]"
11,https://foreupsoftware.com/index.php/booking/19139#/welcome,Blue Heron Hills Golf,"One Country Club Drive Macedon, NY 14502 USA ","9, 18","[{'course_id': '1150', 'course_name': 'The Club at Blue Heron Hills'}]"
12,https://foreupsoftware.com/index.php/booking/19868#/welcome,Blue Ridge Shadows Golf Club,"456 Shadows Drive Front Royal, VA 22630 USA ","9, 18, Both","[{'course_id': '2781', 'course_name': 'Blue Ridge Shadows'}]"
13,https://foreupsoftware.com/index.php/booking/19354#/welcome,Blueberry Pines Golf Club,"39161 US Highway 71 Menahga, MN 56464 USA ",,"[{'course_id': '1486', 'course_name': 'Blueberry Pines'}]"
14,https://foreupsoftware.com/index.php/booking/19643#/welcome,Bowen Island Golf Club,"810 Beach Drive Bowen Island, BC V0N 1G2 CA ","9, 18","[{'course_id': '2026', 'course_name': 'BIGC'}]"
15,https://foreupsoftware.com/index.php/booking/19105#/welcome,Brentwood Country Club,"100 Pennsylvania Ave Brentwood, NY 11717 USA ","9, 18, Both","[{'course_id': '957', 'course_name': 'Brentwood'}]"
16,https://foreupsoftware.com/index.php/booking/19228#/welcome,Bridgton Highlands Country Club,"Bridgton Highlands Country Club BRIDGTON, ME 04009 USA ",,"[{'course_id': '1300', 'course_name': 'Bridgton'}, {'course_id': ' 9112', 'course_name': ' New Tee Sheet'}, {'course_id': ' 9116', 'course_name': ' New Tee Sheet'}]"
17,https://foreupsoftware.com/index.php/booking/19014#/welcome,Bright Grandview Golf Course,"2401 East 29th Street Des Moines, IA 50317 USA ","9, 18, Both","[{'course_id': '759', 'course_name': 'GRANDVIEW'}]"
18,https://foreupsoftware.com/index.php/booking/19062#/welcome,Broadview Golf Course,"5694 Headleys Mill Pataskala, OH 43062 USA ",,"[{'course_id': '855', 'course_name': 'Championship'}]"
19,https://foreupsoftware.com/index.php/booking/19865#/welcome,Brookline Golf Course,"1281 West Roxbury Parkway Brookline, MA 02467 USA ",,"[{'course_id': '2748', 'course_name': 'Brookline'}]"
20,https://foreupsoftware.com/index.php/booking/19611#/welcome,Brown's Run,"6855 Sloebig Rd. Middletown, OH 45042 USA ","9, 18, Both","[{'course_id': '2773', 'course_name': ""Brown's Run C.C.""}]"
21,https://foreupsoftware.com/index.php/booking/19835#/welcome,Bulle Rock Golf Course,"320 Blenheim Lane Havre de Grace, MD 21078 USA ","9, 18, Both","[{'course_id': '2598', 'course_name': 'Bulle Rock #1'}]"
22,https://foreupsoftware.com/index.php/booking/19768#/welcome,Buzzcity,"123 Bogle Lane Salisbury , NC 84603 USA ","9, 18","[{'course_id': '2456', 'course_name': 'Buzzcity Golf'}]"
23,https://foreupsoftware.com/index.php/booking/19511#/welcome,Cabeza de Toro,"Higuey 23000, Dominican Republic Punta Cana, Dominican Republic, La Altagracia JMQ2+VM USA ",,"[{'course_id': '3017', 'course_name': 'New Tee Sheet'}]"
24,https://foreupsoftware.com/index.php/booking/19260#/welcome,Caledonia Golf Course,"9515 Golf Course Rd Fayetteville, PA 17222 USA ","9, 18","[{'course_id': '1353', 'course_name': 'Caledonia Golf Course'}]"
25,https://foreupsoftware.com/index.php/booking/19122#/welcome,Candlewick Lake,"13400 Hwy 76 Poplar Grove, IL 61065 USA ",,"[{'course_id': '2960', 'course_name': 'New Tee Sheet'}]"
26,https://foreupsoftware.com/index.php/booking/19650#/welcome,Casselberry Golf Club,"300 S. Triplet Lake Drive Cassellberry, FL 32707 USA ","9, 18, Both","[{'course_id': '2084', 'course_name': 'Casselberry G.C.'}]"
27,https://foreupsoftware.com/index.php/booking/19653#/welcome,Causeway Club Demo,"7169 County Road O Erin, ME 84042 USA ","9, 18, Both","[{'course_id': '2115', 'course_name': 'Causeway Club'}, {'course_id': ' 7506', 'course_name': ' Mt. Hood'}, {'course_id': ' 8851', 'course_name': ' New Tee Sheet'}, {'course_id': ' 8067', 'course_name': ' PickleBall Courts'}, {'course_id': ' 6573', 'course_name': ' Pool Lessons'}, {'course_id': ' 7184', 'course_name': ' Sim Lesson'}, {'course_id': ' 4293', 'course_name': ' TP Country Club'}, {'course_id': ' 6503', 'course_name': ' Tennis Courts - Lower'}, {'course_id': ' 8066', 'course_name': ' putting green.'}, {'course_id': ' 8140', 'course_name': ' shuttle'}, {'course_id': ' 6405', 'course_name': ' wingfield'}]"
28,https://foreupsoftware.com/index.php/booking/19612#/welcome,Cedar Hill Golf Course,"1137 Park Street Stoughton, MA 02072 USA ",,"[{'course_id': '9365', 'course_name': 'New Tee Sheet'}]"
29,https://foreupsoftware.com/index.php/booking/19013#/welcome,Cherokee County Country Club,"270 County Road 382 Centre, AL 35960 USA ",,"[{'course_id': '758', 'course_name': 'DAILY'}]"
30,https://foreupsoftware.com/index.php/booking/19146#/welcome,Clarksville Country Club,"690 Private Road 7010 Clarksville , TX 75426 USA ",,"[{'course_id': '1175', 'course_name': 'Clarksville Country Club'}]"
31,https://foreupsoftware.com/index.php/booking/19497#/welcome,Clifton Hollow Golf Club,"W12166 820th Avenue River Falls, WI 54022 USA ",,"[{'course_id': '1749', 'course_name': 'Clifton Hollow Golf Club'}]"
32,https://foreupsoftware.com/index.php/booking/19770#/welcome,Clover Valley Golf Club,"8644 Johnstown Alexandria Road Johnstown, OH 43031 USA ","9, 18, Both","[{'course_id': '1391', 'course_name': 'Bent Tree (Ohio)'}, {'course_id': ' 2457', 'course_name': ' Clover Valley'}, {'course_id': ' 1390', 'course_name': ' Glenross'}, {'course_id': ' 1389', 'course_name': ' Golf Club of Dublin'}, {'course_id': ' 1376', 'course_name': ' New Albany Links'}, {'course_id': ' 1377', 'course_name': ' Royal American'}]"
33,https://foreupsoftware.com/index.php/booking/19798#/welcome,Coeur d'Alene Golf Club,"2321 W. Fairway Drive Coeur d'Alene, ID 83815 USA ","9, 18, Both","[{'course_id': '2483', 'course_name': ""Coeur d'Alene Golf Club""}]"
34,https://foreupsoftware.com/index.php/booking/19021#/welcome,Columbia Golf Club,"125 AA Road Columbia, IL 62236 USA ",,"[{'course_id': '792', 'course_name': 'Bridges'}, {'course_id': ' 781', 'course_name': ' Columbia'}]"
35,https://foreupsoftware.com/index.php/booking/19183#/welcome,Costa Del Sol,"100 COSTA DEL SOL BLVD MIAMI, FL 33178 USA ","9, 18","[{'course_id': '3084', 'course_name': 'CDS Golf Club 2019'}]"
36,https://foreupsoftware.com/index.php/booking/19201#/welcome,Cove View Golf Course,"1315 West 1800 South Richfield, UT 84701 USA ",,"[{'course_id': '1265', 'course_name': 'Cove View'}]"
37,https://foreupsoftware.com/index.php/booking/19534#/welcome,Coyote Creek Golf Course,"222 Clubhouse Drive Fort Lupton, CO 80621 USA ","9, 18","[{'course_id': '1798', 'course_name': 'Coyote Creek Golf Course'}]"
38,https://foreupsoftware.com/index.php/booking/19462#/welcome,Crazy Horse Sports Club & Golf Course,"922 Crazy Horse Road Hutchinson, KS 67502 USA ",,"[{'course_id': '1677', 'course_name': 'Crazy Horse Sports Club'}, {'course_id': ' 6204', 'course_name': ' Golf Simulator Room'}]"
39,https://foreupsoftware.com/index.php/booking/19603#/welcome,Crystal Springs Golf Course,"N8055 French Road Seymour, WI 54165 USA ",,"[{'course_id': '1915', 'course_name': 'Crystal Springs Golf Course'}]"
40,https://foreupsoftware.com/index.php/booking/19329#/welcome,Cypress Creek Golf Course,"34 Cypress Creek Crossing Cabot, AR 72023 USA ","9, 18","[{'course_id': '1443', 'course_name': 'Cypress Creek'}]"
41,https://foreupsoftware.com/index.php/booking/19390#/welcome,Daytona Golf Club,"14730 Lawndale Ln Dayton, MN 55330 USA ",,"[{'course_id': '1908', 'course_name': 'Daytona Golf Club'}]"
42,https://foreupsoftware.com/index.php/booking/19744#/welcome,Deer Park Golf Club,"1201 N Country Club Dr Deer Park, WA 99006 USA ","9, 18","[{'course_id': '2378', 'course_name': '18 Hole'}]"
43,https://foreupsoftware.com/index.php/booking/19357#/welcome,Defuniak Springs Country Club - 1,"171 Country Club Ln. Defuniak Springs, FL 32435 USA ",,"[{'course_id': '1483', 'course_name': 'Defuniak Springs Country Club'}, {'course_id': ' 2920', 'course_name': ' New Tee Sheet'}]"
44,https://foreupsoftware.com/index.php/booking/19625#/welcome,Demo 50," The Colony, TX 80014 USA ","9, 18, Both","[{'course_id': '1955', 'course_name': 'Demo Tee Sheet'}]"
45,https://foreupsoftware.com/index.php/booking/19187#/welcome,Demo Account 75," Alamamogordo, NM 33947 USA ","9, 18, Both","[{'course_id': '8084', 'course_name': '27 Holes'}, {'course_id': ' 3043', 'course_name': ' Long Meadow to White Marsh'}]"
46,https://foreupsoftware.com/index.php/booking/19677#/welcome,Development Testing - Apriva,"387 S 520 W Lindon, AL 84042 USA ","9, 18","[{'course_id': '2157', 'course_name': 'Dev Testing Apriva'}, {'course_id': ' 2225', 'course_name': ' No sheet set to default Test'}]"
47,https://foreupsoftware.com/index.php/booking/19533#/welcome,Diamond Valley Golf Club,"31220 Sage Road Hemet, CA 92543 USA ",18,"[{'course_id': '1795', 'course_name': 'Diamond Valley Golf (Slow Greens)'}]"
48,https://foreupsoftware.com/index.php/booking/19799#/welcome,Diamond Woods Golf Course,"96040 Territorial Highway Monroe, OR 97456 USA ","9, 18","[{'course_id': '2482', 'course_name': 'Diamond Woods'}, {'course_id': ' 8632', 'course_name': ' Simulator'}]"
49,https://foreupsoftware.com/index.php/booking/19506#/welcome,Dinaland Golf Course,"675 South 2000 East Vernal, UT 84078 USA ",,"[{'course_id': '1826', 'course_name': 'Dinaland Golf Course'}]"
50,https://foreupsoftware.com/index.php/booking/19366#/welcome,Dogwood Hills Golf Course,"1193 Debord Rd Chillicothe, OH 45601 USA ",,"[{'course_id': '5146', 'course_name': 'Dogwood Hills Golf Course'}]"
51,https://foreupsoftware.com/index.php/booking/19503#/welcome,Eagle Glen Golf Club (Cancelled),"129 South Eagle Trail Columbia City, IN 46725 USA ","9, 18","[{'course_id': '1766', 'course_name': 'Eagle Glen Golf Club'}]"
52,https://foreupsoftware.com/index.php/booking/19046#/welcome,Edgewood Golf Course (MA),"161 Sheep Pasture Road Southwick, MA 01077 USA ",,"[{'course_id': '964', 'course_name': 'Edgewood Golf Course'}]"
53,https://foreupsoftware.com/index.php/booking/19022#/welcome,Elmhurst Country Club Pro Shop,"300 Jonslea Lane Roaring Brook, PA 18444 USA ","9, 18","[{'course_id': '1132', 'course_name': 'Online Accounts'}]"
54,https://foreupsoftware.com/index.php/booking/19202#/welcome,Emerald Greens Golf Course,"14425 Goodwin Ave, Hastings, MN 55033 USA ",,"[{'course_id': '1266', 'course_name': 'Gold'}, {'course_id': ' 1308', 'course_name': ' Silver'}]"
55,https://foreupsoftware.com/index.php/booking/19255#/welcome,Fenton Farms Golf Club,"12312 Torrey Road Fenton, MI 48430 USA ","9, 18, Both","[{'course_id': '1342', 'course_name': 'Fenton Farms'}]"
56,https://foreupsoftware.com/index.php/booking/19862#/welcome,Flint River Municipal Golf Course,"2000 McAdams Rd Albany, GA 31705 USA ",,"[{'course_id': '2713', 'course_name': 'Flint River'}, {'course_id': ' 11360', 'course_name': ' Flintriver 18'}, {'course_id': ' 11361', 'course_name': ' Flintriver 18'}]"
57,https://foreupsoftware.com/index.php/booking/19587#/welcome,Forest Dale Golf Course,"2375 South 900 East Salt Lake City, UT 84106 USA ",9,"[{'course_id': '1900', 'course_name': 'Forest Dale Golf Course'}]"
58,https://foreupsoftware.com/index.php/booking/19619#/welcome,Fossil Island Golf Club,"220 Wyoming Hwy. 233 Kemmerer, WY 83101 USA ",,"[{'course_id': '1943', 'course_name': 'Fossil Island Golf Course Tee Sheet'}]"
59,https://foreupsoftware.com/index.php/booking/19044#/welcome,Fountains Golf and Banquet,"6060 Maybee Road Clarkston, MI 48346 USA ","9, 18, Both","[{'course_id': '894', 'course_name': 'Fountains Golf Course'}]"
60,https://foreupsoftware.com/index.php/booking/19184#/welcome,Frasch Park Golf Course & Grill,"400 Picard Road Sulphur, LA 70663 USA ","9, 18, Both","[{'course_id': '10152', 'course_name': ''}, {'course_id': ' 11138', 'course_name': ' 2024 Frasch Park GC'}, {'course_id': ' 1244', 'course_name': ' Frasch Park Golf Course'}]"
61,https://foreupsoftware.com/index.php/booking/19600#/welcome,Gates Park Golf Course (CANCELLED),"820 East Donald Street Waterloo, IA 50703 USA ","9, 18","[{'course_id': '2371', 'course_name': 'Simulator'}, {'course_id': ' 2771', 'course_name': ' Test'}]"
62,https://foreupsoftware.com/index.php/booking/19800#/welcome,Genesee Valley Golf Course,"1000 E River Rd Rochester, NY 14623 USA ",,"[{'course_id': '2506', 'course_name': 'Churchville East'}, {'course_id': ' 2507', 'course_name': ' Churchville West'}, {'course_id': ' 2489', 'course_name': ' Durand Eastman Golf Course'}, {'course_id': ' 2487', 'course_name': ' Genesee Valley North'}, {'course_id': ' 2503', 'course_name': ' Genesee Valley South'}]"
63,https://foreupsoftware.com/index.php/booking/19483#/welcome,Glen Ivy Golf Club,"24400 Trilogy Parkway Corona, CA 92883 USA ","9, 18","[{'course_id': '1727', 'course_name': 'Glen Ivy Golf Club'}]"
64,https://foreupsoftware.com/index.php/booking/19066#/welcome,Golden Pheasant Golf Club,"141 Country Club Drive Lumberton, NJ 08048 USA ",,"[{'course_id': '970', 'course_name': 'Golden Pheasant Golf Club'}]"
65,https://foreupsoftware.com/index.php/booking/19536#/welcome,Grapevine Golf Course,"DBA:GRAPEVINE GOLF COURSE GRAPEVINE, TX 76051 USA ",18,"[{'course_id': '1832', 'course_name': 'Primary'}]"
66,https://foreupsoftware.com/index.php/booking/19580#/welcome,Greenhills Golf Course,"PO Box 206 Ravenswood, WV 26164 USA ",,"[{'course_id': '1867', 'course_name': 'Greenhills Golf Course'}]"
67,https://foreupsoftware.com/index.php/booking/19136#/welcome,Halcrow Lake Golf & Country Club,"PO Box 2606 The Pas, Manitoba, MB R9A 1M3 CA ",,"[{'course_id': '1126', 'course_name': 'Halcrow Lake'}]"
68,https://foreupsoftware.com/index.php/booking/19170#/welcome,Hartwell Golf Club,"755 Golf Course Road Hart County, GA 30643 USA ",,"[{'course_id': '1214', 'course_name': 'Hartwell'}]"
69,https://foreupsoftware.com/index.php/booking/19557#/welcome,Hickory Hill Golf Course,"200 North Lowell Street Methuen, MA 01844 USA ","9, 18, Both","[{'course_id': '1829', 'course_name': 'Hickory Hill Golf Course'}]"
70,https://foreupsoftware.com/index.php/booking/19351#/welcome,Hillcrest Golf Club (SK),"PO Box 277 (1599 Main St N) Moose Jaw , SK S6H 4N9 CA ",,"[{'course_id': '1479', 'course_name': 'Hillcrest'}]"
71,https://foreupsoftware.com/index.php/booking/19634#/welcome,Hobbit's Glen Golf Club (DEMO),"11130 Willow Bottom Drive Columbia, MD 84057 USA ","9, 18","[{'course_id': '1978', 'course_name': 'Genesee Valley'}]"
72,https://foreupsoftware.com/index.php/booking/19377#/welcome,Hunters Creek Golf,"702 Hunters Creek Blvd Greenwood, SC 29649 USA ","9, 18","[{'course_id': '1549', 'course_name': ""Hunter's Creek""}]"
73,https://foreupsoftware.com/index.php/booking/19395#/welcome,Indian Creek Golf Course,"3605 Brookside Drive Hood River, OR 97031 USA ",18,"[{'course_id': '1563', 'course_name': 'Indian Creek'}]"
74,https://foreupsoftware.com/index.php/booking/19715#/welcome,Inshalla Country Club,"N11060 Clear Lake Rd Tomahawk, WI 54487 USA ",,"[{'course_id': '2251', 'course_name': 'Inshalla Country Club'}]"
75,https://foreupsoftware.com/index.php/booking/19048#/welcome,Ironwood Golf Club,"10955 Fall Road Fishers, IN 46037 USA ",18,"[{'course_id': '1411', 'course_name': 'Ironwood 18'}, {'course_id': ' 1412', 'course_name': ' Ironwood 9'}]"
76,https://foreupsoftware.com/index.php/booking/19479#/welcome,Island Pines Golf Club,"5700 Indian Pines Blvd Ft. Pierce, FL 34951 USA ","9, 18","[{'course_id': '1719', 'course_name': 'Island Pines Golf Club'}]"
77,https://foreupsoftware.com/index.php/booking/19727#/welcome,Kilmarlic Golf Club,"215 Westside Lane Powell's Point, NC 27966 USA ","9, 18","[{'course_id': '2312', 'course_name': 'Kilmarlic Golf Club'}]"
78,https://foreupsoftware.com/index.php/booking/19742#/welcome,King City Golf Course,"15355 SW Royalty Pkwy King City, OR 97224 USA ","9, 18","[{'course_id': '2376', 'course_name': 'King City Golf Course'}]"
79,https://foreupsoftware.com/index.php/booking/19837#/welcome,K's Creek Golf Club,"1265 Sandusky Rd Jacksonville, IL 62650 USA ","9, 18, Both","[{'course_id': '9052', 'course_name': 'Simulator Bay 2'}, {'course_id': ' 9053', 'course_name': ' Simulator Bay 3'}]"
80,https://foreupsoftware.com/index.php/booking/19352#/welcome,Lake Almanor Country Club,"951 Clifford Dr. Lake Almanor, CA 96137 USA ","9, 18","[{'course_id': '1480', 'course_name': 'Lake Almanor Country Club'}]"
81,https://foreupsoftware.com/index.php/booking/19505#/welcome,Lake Hallie Golf,"2196 110th St Chippewa Falls, WI 54729 USA ","9, 18, Both","[{'course_id': '1768', 'course_name': 'Lake Hallie Golf Club'}]"
82,https://foreupsoftware.com/index.php/booking/19450#/welcome,Lake Oswego Public Golf Course,"17525 Stafford Road Lake Oswego, OR 97034 USA ","9, 18","[{'course_id': '1660', 'course_name': 'Lake Oswego Public Golf Course'}, {'course_id': ' 3135', 'course_name': ' New Tee Sheet'}]"
83,https://foreupsoftware.com/index.php/booking/19345#/welcome,Lake St. Catherine Country Club,"2395 VT-30 Poultney, VT 05764 USA ",,"[{'course_id': '1466', 'course_name': 'Lake St. Catherine'}]"
84,https://foreupsoftware.com/index.php/booking/19157#/welcome,Lake Toccoa Facilities,"201 Black Mountain Road Toccoa, GA 30577 USA ",,"[{'course_id': '1201', 'course_name': 'April 1 - October 1'}, {'course_id': ' 1189', 'course_name': ' Lake Toccoa'}, {'course_id': ' 10830', 'course_name': ' Winter'}]"
85,https://foreupsoftware.com/index.php/booking/19446#/welcome,Lake Wales Country Club,"2925 Highway 60 East Lake Wales, FL 33898 USA ","9, 18","[{'course_id': '1655', 'course_name': 'Lake Wales Country Club'}]"
86,https://foreupsoftware.com/index.php/booking/19009#/welcome,Lake Wissota Golf,"16108 97th Ave. Chippewa Falls, WI 54729 USA ","9, 18","[{'course_id': '847', 'course_name': 'Lake Wissota'}]"
87,https://foreupsoftware.com/index.php/booking/19380#/welcome,Lakeside Golf Club,"405 Watts Lane Canyon Lake, TX 78133 USA ","9, 18","[{'course_id': '1548', 'course_name': 'Lakeside Golf Club'}]"
88,https://foreupsoftware.com/index.php/booking/19257#/welcome,Largo Golf Course,"12500 Vonn Rd Largo, FL 33774 USA ","9, 18, Both","[{'course_id': '1351', 'course_name': 'Largo Golf Course'}]"
89,https://foreupsoftware.com/index.php/booking/19651#/welcome,Lawrenceburg Golf & Country Club,"1901 West Gaines St. Lawrenceburg, TN 38464 USA ","9, 18","[{'course_id': '2074', 'course_name': 'Lawrenceburg Golf & Country Club'}]"
90,https://foreupsoftware.com/index.php/booking/19522#/welcome,Legacy Hills,"299 W Johnson Rd La Porte, IN 46350 USA ",,"[{'course_id': '1782', 'course_name': 'Legacy Hills'}]"
91,https://foreupsoftware.com/index.php/booking/19464#/welcome,Linville Falls Golf Club,"210 Blue Ridge Dr N Marion, NC 28752 USA ","9, 18","[{'course_id': '1685', 'course_name': 'Linville Falls Golf Club'}]"
92,https://foreupsoftware.com/index.php/booking/19035#/welcome,Logan River Golf Course,"550 West 1000 South Logan, UT 84321 USA ",,"[{'course_id': '799', 'course_name': 'Logan River'}]"
93,https://foreupsoftware.com/index.php/booking/19671#/welcome,Mangrove Bay,"875 62nd Ave. NE St. Petersburg, FL 33702 USA ","9, 18, Both","[{'course_id': '2149', 'course_name': 'Mangrove Bay'}]"
94,https://foreupsoftware.com/index.php/booking/19430#/welcome,Manitou Passage Golf Club,"4600 Club Drive Cedar, MI 49621 USA ",,"[{'course_id': '1608', 'course_name': 'Manitou Passage Golf Club'}]"
95,https://foreupsoftware.com/index.php/booking/19060#/welcome,Markdale Golf & Curling Club,"85 Edith Avenue Markdale, ON N0C1H0 CA ",18,"[{'course_id': '2767', 'course_name': 'New Tee Sheet'}, {'course_id': ' 851', 'course_name': ' Weekday Tee Sheet'}]"
96,https://foreupsoftware.com/index.php/booking/19179#/welcome,Mason Rudolph Golf Course,"1514 Golf Club Lane Clarksville, TN 37043 USA ",,"[{'course_id': '2479', 'course_name': 'Mason Rudolph'}]"
97,https://foreupsoftware.com/index.php/booking/19375#/welcome,Massanutten Resort,"1822 Resort Drive McGaheysville, VA 22840 USA ",,"[{'course_id': '1541', 'course_name': 'Mountain Greens GC'}, {'course_id': ' 1542', 'course_name': ' Woodstone Meadows GC'}]"
98,https://foreupsoftware.com/index.php/booking/19103#/welcome,Menifee Lakes Country Club,"29875 Menifee Lakes Dr Menifee, CA 92584 USA ","9, 18, Both","[{'course_id': '968', 'course_name': 'Palms Course'}, {'course_id': ' 954', 'course_name': ' Lakes Course'}, {'course_id': ' 1676', 'course_name': ' Seven Hills Golf Course'}]"
99,https://foreupsoftware.com/index.php/booking/19531#/welcome,Meriwether National Golf Club,"5200 Rood Bridge Road Hillsboro, OR 97123 USA ","9, 18","[{'course_id': '1793', 'course_name': 'Meriwether National Golf Club'}]"
100,https://foreupsoftware.com/index.php/booking/19416#/welcome,Mount Vintage Golf Club,"375 Mount Vintage Plantation Drive North Augusta, SC 29860 USA ","9, 18","[{'course_id': '1944', 'course_name': '3rd Nine'}, {'course_id': ' 1916', 'course_name': ' Mount Vintage Golf Club'}]"
101,https://foreupsoftware.com/index.php/booking/19196#/welcome,Mt. Ogden Golf Course,"1787 Constitution Way Ogden, UT 84401 USA ",,"[{'course_id': '1259', 'course_name': 'Mt. Ogden'}]"
102,https://foreupsoftware.com/index.php/booking/19227#/welcome,Nonesuch River Golf Club,"304 Gorham Rd Scarborough, ME 04074 USA ",,"[{'course_id': '1301', 'course_name': 'Nonesuch'}]"
103,https://foreupsoftware.com/index.php/booking/19597#/welcome,Oak Hills Golf Club Ltd.,"1538 Frankford-Stirling Rd Stirling, ON K0K 3E0 CA ","9, 18, Both","[{'course_id': '1890', 'course_name': 'Highland Course / Glen Course'}]"
104,https://foreupsoftware.com/index.php/booking/19156#/welcome,Oakland Golf Club,"100 N Parson Oakland, NE 68045 USA ","9, 18, Both","[{'course_id': '1188', 'course_name': 'Oakland'}]"
105,https://foreupsoftware.com/index.php/booking/19530#/welcome,Orchard Creek Golf Club,"6700 Dunnsville Road Altamont, NY 12009 USA ","9, 18, Both","[{'course_id': '1791', 'course_name': 'Orchard Creek Golf Club'}]"
106,https://foreupsoftware.com/index.php/booking/19029#/welcome,Palo Duro Creek,"50 Country Club Dr. Canyon, TX 79015 USA ",,"[{'course_id': '790', 'course_name': 'Palo Duro Creek'}]"
107,https://foreupsoftware.com/index.php/booking/19126#/welcome,Panther Creek Golf Club,"4641 State Route 1514 Utica, KY 42376 USA ","9, 18","[{'course_id': '1110', 'course_name': 'Panther Creek'}]"
108,https://foreupsoftware.com/index.php/booking/19087#/welcome,Papio Greens Golf Center,"11050 South 66th Street Papillion, NE 68133 USA ","9, 18","[{'course_id': '924', 'course_name': 'Papio Greens'}]"
109,https://foreupsoftware.com/index.php/booking/19683#/welcome,PCC-WRC,"69772 HWY 395 S PENDLETON, OR 97801 USA ","9, 18","[{'course_id': '2181', 'course_name': 'Pendleton Golf Club - WRC'}]"
110,https://foreupsoftware.com/index.php/booking/19006#/welcome,Pebble Creek Golf Club,"14000 Clubhouse Lane, PO Box 250 Becker, MN 55308 USA ",,"[{'course_id': '1680', 'course_name': 'Championship'}, {'course_id': ' 1681', 'course_name': ' Local 9'}]"
111,https://foreupsoftware.com/index.php/booking/19730#/welcome,Peninsula Golf Course,"9604 Pacific Hwy Long Beach, WA 98631 USA ",,"[{'course_id': '2314', 'course_name': 'Peninsula Golf Course'}]"
112,https://foreupsoftware.com/index.php/booking/19155#/welcome,Phoenix Lake Golf Course,"21448 Paseo de los Portales Sonora, CA 95370 USA ",9,"[{'course_id': '1187', 'course_name': 'Phoenix Lake'}]"
113,https://foreupsoftware.com/index.php/booking/19532#/welcome,Pine Dunes Resort,"159 Private Road 7019 Frankston, TX 75763 USA ",,"[{'course_id': '1794', 'course_name': 'Pine Dunes Resort'}]"
114,https://foreupsoftware.com/index.php/booking/19567#/welcome,Platteville Country Club,"6729 N Water St. P.O. Box 434 Platteville, WI 53818 USA ",,"[{'course_id': '1843', 'course_name': 'Platteville Country Club'}]"
115,https://foreupsoftware.com/index.php/booking/19194#/welcome,Players Indoor Golf & Sports Bar - Kitchener *Old,"7-1373 Victoria St., N. Kitchener, N2B 3R6 CA ",,"[{'course_id': '2364', 'course_name': 'Players Indoor Golf and Sports Bar - Kitchener'}]"
116,https://foreupsoftware.com/index.php/booking/19000#/welcome,Pleasant Valley Golf Course,"4390 Pleasant Valley Drive SE Iowa City, IA 52240 USA ",,"[{'course_id': '735', 'course_name': 'Championship'}]"
117,https://foreupsoftware.com/index.php/booking/19504#/welcome,Princeton Golf Course,"301 Golf Course Rd Princeton, MN 55371 USA ",,"[{'course_id': '1767', 'course_name': 'Princeton Golf Course'}]"
118,https://foreupsoftware.com/index.php/booking/19662#/welcome,Quail Crossing Golf Club,"5 Quail Crossing Drive Boonville, IN 47601 USA ",,"[{'course_id': '2128', 'course_name': 'Quail Crossing'}]"
119,https://foreupsoftware.com/index.php/booking/19852#/welcome,Quailwood Greens Golf Course,"12200 AZ-69 Dewey, AZ 86327 USA ",,"[{'course_id': '2678', 'course_name': 'Quailwood Greens Golf Course'}]"
120,https://foreupsoftware.com/index.php/booking/19365#/welcome,Rendezvous Meadows Golf Course,"55 Club House Rd Pinedale, WY 82941 USA ","9, 18","[{'course_id': '1527', 'course_name': 'Rendevzous Meadows'}]"
121,https://foreupsoftware.com/index.php/booking/19525#/welcome,Rich Valley Golf,"227 Rich Valley Road Mechanicsburg, PA 17050 USA ",,"[{'course_id': '8436', 'course_name': 'New Tee Sheet'}, {'course_id': ' 1785', 'course_name': ' Rich Valley Golf'}]"
122,https://foreupsoftware.com/index.php/booking/19509#/welcome,River Valley Community Course,"P.O. Box 71 Monticello, MO 63457 USA ","9, 18","[{'course_id': '1941', 'course_name': 'Disc Golf'}, {'course_id': ' 1773', 'course_name': ' River Valley Community Course'}]"
123,https://foreupsoftware.com/index.php/booking/19112#/welcome,Rivers Edge Golf Club at Burley,"131 East Highway 81 Burley, ID 83318 USA ","9, 18, Both","[{'course_id': '4991', 'course_name': 'Rivers Edge 2.0 Tee Sheet'}, {'course_id': ' 1099', 'course_name': ' Rivers Edge In Season'}]"
124,https://foreupsoftware.com/index.php/booking/19832#/welcome,Rolling Fields Golf Club (OLD),"4138 Hankey Church Road Murrysville, PA 15668 USA ","9, 18","[{'course_id': '2586', 'course_name': 'Rolling Fields Golf Club'}, {'course_id': ' 2622', 'course_name': ' Simulator 1'}, {'course_id': ' 2623', 'course_name': ' Simulator 2'}]"
125,https://foreupsoftware.com/index.php/booking/19772#/welcome,Rolling Hills Golf Course (AZ),"8900 E. 29th St. Tucson, AZ 85710 USA ","9, 18, Both","[{'course_id': '2465', 'course_name': 'Rolling Hills Golf Course'}]"
126,https://foreupsoftware.com/index.php/booking/19851#/welcome,Rooster Run Golf Club,"2301 East Washington St Petaluma, CA 94954 USA ","9, 18, Both","[{'course_id': '2677', 'course_name': 'Rooster Run'}]"
127,https://foreupsoftware.com/index.php/booking/19410#/welcome,Rotonda Golf & Country Club: Pinemoor Golf Course,"80 Clubhouse RD Rotonda, FL 33947 USA ","9, 18, Both","[{'course_id': '1585', 'course_name': 'Pinemoor'}]"
128,https://foreupsoftware.com/index.php/booking/19411#/welcome,Rotonda Golf & Country Club: The Palms Golf Course,"266 B Rotonda Circle Rotonda West, FL 33947 USA ","9, 18, Both","[{'course_id': '1586', 'course_name': 'The Palms'}]"
129,https://foreupsoftware.com/index.php/booking/19486#/welcome,Salem Country Club (OLD),"700 Divot Drive Salem, IL 62881 USA ",,"[{'course_id': '1734', 'course_name': 'Salem Country Club'}]"
130,https://foreupsoftware.com/index.php/booking/19129#/welcome,Salmon Run Golf Course,"99040 South Bank Chetco River Rd. Brookings, OR 97415 USA ",,"[{'course_id': '1117', 'course_name': 'Salmon Run GC'}]"
131,https://foreupsoftware.com/index.php/booking/19954#/welcome,Sand Creek Golf Course,"5200 S 25th E Idaho Falls, ID 83404 USA ",,"[{'course_id': '3062', 'course_name': 'Sand Creek'}]"
132,https://foreupsoftware.com/index.php/booking/19071#/welcome,Sandy Burr Country Club,"88 Cochituate Rd Wayland, MA 01778 USA ",18,"[{'course_id': '884', 'course_name': 'Sandy Burr'}]"
133,https://foreupsoftware.com/index.php/booking/19229#/welcome,Sanford Country Club,"588 Country Club Road, Route 4 Sanford, ME 04073 USA ",,"[{'course_id': '1303', 'course_name': 'Sanford'}]"
134,https://foreupsoftware.com/index.php/booking/19203#/welcome,Setup Training Account 7,"8675309 Chicago Way Bettendorf , IA 52722 USA ","9, 18","[{'course_id': '2347', 'course_name': 'Carolina Club'}, {'course_id': ' 2350', 'course_name': ' The Pointe Golf Club'}]"
135,https://foreupsoftware.com/index.php/booking/19461#/welcome,Seven Hills Golf Course,"1537 S. Lyon Ave Hemet, CA 92584 USA ","9, 18, Both","[{'course_id': '968', 'course_name': 'Palms Course'}, {'course_id': ' 954', 'course_name': ' Lakes Course'}, {'course_id': ' 1676', 'course_name': ' Seven Hills Golf Course'}]"
136,https://foreupsoftware.com/index.php/booking/19639#/welcome,Seven Hills Golfers Club,"10599 Fairchild Road Spring Hill, FL 34608 USA ","9, 18","[{'course_id': '1996', 'course_name': 'Seven Hills Golfers Club'}]"
137,https://foreupsoftware.com/index.php/booking/19072#/welcome,Shamrock Golf Course,"19625 Larkin Road Corcoran, MN 55340 USA ",,"[{'course_id': '886', 'course_name': 'Shamrock Golf Course'}]"
138,https://foreupsoftware.com/index.php/booking/19074#/welcome,Sherwood Forest Golf Course,"N580 Robinhood Drive Sherwood, WI 54169 USA ",9,"[{'course_id': '888', 'course_name': 'Sherwood Forest Golf Club'}]"
139,https://foreupsoftware.com/index.php/booking/19333#/welcome,Short Beach Golf Course,"One Dorne Drive Stratford, CT 06615 USA ","9, 18, Both","[{'course_id': '1450', 'course_name': 'Short Beach'}]"
140,https://foreupsoftware.com/index.php/booking/19328#/welcome,Skyway Golf Course,"432 Country Club Dr Tremonton, UT 84337 USA ",,"[{'course_id': '9785', 'course_name': 'Sim 2024'}, {'course_id': ' 1441', 'course_name': ' Skyway'}]"
141,https://foreupsoftware.com/index.php/booking/19052#/welcome,Smock Golf Course,"3910 East County Line Road Indianapolis, IN 46237 USA ",,"[{'course_id': '922', 'course_name': 'Smock GC'}]"
142,https://foreupsoftware.com/index.php/booking/19620#/welcome,Soule Park Golf Course,"1033 E. Ojai Avenue OJAI, CA 93023 USA ","9, 18, Both","[{'course_id': '1945', 'course_name': 'Soule Park Golf Course'}]"
143,https://foreupsoftware.com/index.php/booking/19141#/welcome,Spring Lakes Golf Club,"1591 Springplace Smyrna Rd Chatsworth, GA 30705 USA ",,"[{'course_id': '9842', 'course_name': 'Simulator'}, {'course_id': ' 1153', 'course_name': ' Spring Lakes'}]"
144,https://foreupsoftware.com/index.php/booking/19750#/welcome,St. Albans Golf Club,"3833 Northridge Rd. Alexandria, OH 43001 USA ",,"[{'course_id': '2392', 'course_name': 'St. Albans Golf Club'}]"
145,https://foreupsoftware.com/index.php/booking/19485#/welcome,St. Andrews Golf Club (Old),"8799 Edinburg Dr Winston, GA 30187 USA ","9, 18","[{'course_id': '1733', 'course_name': 'St. Andrews Golf Club'}]"
146,https://foreupsoftware.com/index.php/booking/19829#/welcome,Stix Golf Entertainment,"W164 N11271 Squire Dr Germantown, WI 53022 USA ",,"[{'course_id': '2589', 'course_name': 'Stix Golf'}]"
147,https://foreupsoftware.com/index.php/booking/19217#/welcome,StonyCreek Golf Club,"11800 E 166th Street Noblesville, IN 46060 USA ","9, 18","[{'course_id': '7873', 'course_name': 'Simulator 1'}, {'course_id': ' 7874', 'course_name': ' Simulator 2'}, {'course_id': ' 1291', 'course_name': ' StonyCreek Golf Club'}]"
148,https://foreupsoftware.com/index.php/booking/19741#/welcome,Sugar Lake Lodge,"37584 Otis Lane Cohasset, MN 55721 USA ",,"[{'course_id': '2360', 'course_name': 'Sugarbrooke G.C.'}]"
149,https://foreupsoftware.com/index.php/booking/19311#/welcome,SugarTree Golf Club,"251 SugarTree Drive Lipan, TX 76462 USA ",,"[{'course_id': '1422', 'course_name': 'SugarTree Golf Club'}]"
150,https://foreupsoftware.com/index.php/booking/19449#/welcome,Tahoe City Golf Course,"251 N Lake Blvd Tahoe City, CA 96145 USA ",,"[{'course_id': '1659', 'course_name': 'Tahoe City Golf Course'}, {'course_id': ' 5577', 'course_name': ' WSP Ice Rink'}]"
151,https://foreupsoftware.com/index.php/booking/19027#/welcome,Talons Cove Golf Course,"2220 South Talons Cove Drive Saratoga Springs, UT 84045 USA ",,"[{'course_id': '788', 'course_name': 'TalonsCove'}]"
152,https://foreupsoftware.com/index.php/booking/19889#/welcome,Test Course 2," , USA ","9, 18","[{'course_id': '2834', 'course_name': 'Test Course 2'}]"
153,https://foreupsoftware.com/index.php/booking/19645#/welcome,Thanksgiving Point Golf Club,"3300 West Club House Dr Lehi, UT 84043 USA ",,"[{'course_id': '2034', 'course_name': 'Thanksgiving Point Golf Course'}]"
154,https://foreupsoftware.com/index.php/booking/19433#/welcome,The 500 Club,"4707 W. Pinnacle Peak Rd. Glendale, AZ 85310 USA ","9, 18, Both","[{'course_id': '1612', 'course_name': 'The 500 Club'}, {'course_id': ' 1616', 'course_name': ' The Futures Course'}]"
155,https://foreupsoftware.com/index.php/booking/19124#/welcome,The Cedars on Salmon Creek,"15001 NE 181st Street Brush Prairie, WA 98606 USA ","9, 18","[{'course_id': '3905', 'course_name': 'SkyTrak Tee Sheet'}, {'course_id': ' 1107', 'course_name': ' The Cedars on Salmon Creek'}]"
156,https://foreupsoftware.com/index.php/booking/19221#/welcome,The Chief golf Course,"5085 Shanty Creek Rd Bellaire, MI 49615 USA ",,"[{'course_id': '1731', 'course_name': 'Chief 2018'}]"
157,https://foreupsoftware.com/index.php/booking/19774#/welcome,The Club at PB Dye,"9526 Doctor Perry Road Ijamsville, MD 21754 USA ","9, 18, Both","[{'course_id': '10568', 'course_name': 'New Tee Sheet'}, {'course_id': ' 2477', 'course_name': ' PB Dye Golf Club'}]"
158,https://foreupsoftware.com/index.php/booking/19517#/welcome,The Golf Club at Quail Ridge,"5634 Quail Ridge Drive Sanford, NC 27332 USA ","9, 18","[{'course_id': '4459', 'course_name': 'New Tee Sheet'}]"
159,https://foreupsoftware.com/index.php/booking/19615#/welcome,The Golf Course at Sand Hollow Resort,"5662 W. Clubhouse Dr. Hurricane, UT 84737 USA ","9, 18, Both","[{'course_id': '1935', 'course_name': 'Championship Course'}, {'course_id': ' 1948', 'course_name': ' The Links Course'}]"
160,https://foreupsoftware.com/index.php/booking/19030#/welcome,The Landings at Spirit Golf Club,"180 N. Eatherton Road Chesterfield, MO 63005 USA ","9, 18, Both","[{'course_id': '791', 'course_name': 'Championship'}]"
161,https://foreupsoftware.com/index.php/booking/19607#/welcome,The Links at Lang Farm,"39 Essex Way Essex Junction, VT 05452 USA ",,"[{'course_id': '5225', 'course_name': 'THE LINKS AT LANG FARM'}]"
162,https://foreupsoftware.com/index.php/booking/19396#/welcome,The Links at Sleepy Ridge,"730 S Sleepy Ridge Dr Orem, UT 84058 USA ",,"[{'course_id': '1726', 'course_name': 'Sleepy Ridge'}]"
163,https://foreupsoftware.com/index.php/booking/19011#/welcome,The Links at Teton Peaks,"127 North 4000 West Driggs, ID 83422 USA ",,"[{'course_id': '753', 'course_name': 'Teton Peaks'}]"
164,https://foreupsoftware.com/index.php/booking/19153#/welcome,The Patch - Augusta Municipal,"2023 Highland Ave Augusta, GA 30904 USA ","9, 18","[{'course_id': '1200', 'course_name': 'Augusta Municipal Golf Course'}]"
165,https://foreupsoftware.com/index.php/booking/19613#/welcome,The Ranches,"4128 E Clubhouse Ln Eagle Mountain, UT 84005 USA ","9, 18, Both","[{'course_id': '8326', 'course_name': 'Millsite Golf Course'}, {'course_id': ' 9254', 'course_name': ' Simulator'}, {'course_id': ' 9019', 'course_name': ' The Golf Lounge - Bay 1'}, {'course_id': ' 9056', 'course_name': ' The Golf Lounge - Bay 2'}, {'course_id': ' 9057', 'course_name': ' The Golf Lounge - Bay 3'}, {'course_id': ' 1934', 'course_name': ' The Ranches Golf Course'}]"
166,https://foreupsoftware.com/index.php/booking/19490#/welcome,The River Golf Course,"4402 Country Road 152 International Falls, MN 56649 USA ","9, 18","[{'course_id': '1866', 'course_name': 'The River Golf'}]"
167,https://foreupsoftware.com/index.php/booking/19849#/welcome,The Summit Golf Club,"31286 Highway 19 Blvd Cannon Falls, MN 55009 USA ",18,"[{'course_id': '2654', 'course_name': 'The Summit Golf Club - Championship'}, {'course_id': ' 2666', 'course_name': ' The Summit Golf Club Executive 9'}]"
168,https://foreupsoftware.com/index.php/booking/19220#/welcome,The Willows at Runk and Pratt,"540 Fairway Ln Hurt, VA 24563 USA ","9, 18","[{'course_id': '1296', 'course_name': 'The Willows'}]"
169,https://foreupsoftware.com/index.php/booking/19467#/welcome,Timpanogos Valley Golf Course,"4211 Valley View Dr Timpanogos Valley, UT 0 USA ","9, 18","[{'course_id': '3408', 'course_name': 'Aggregate Tee Sheet'}, {'course_id': ' 5720', 'course_name': ' Ancient Egypt'}, {'course_id': ' 5098', 'course_name': ' BD | 09-Holes [ID: 5098]'}, {'course_id': ' 5100', 'course_name': ' BD | 18-Holes [ID: 5100]'}, {'course_id': ' 5101', 'course_name': ' BD | 27-Holes [ID: 5101]'}, {'course_id': ' 4790', 'course_name': ' Black Tie | 27-Hole [ID: 4790]'}, {'course_id': ' 1699', 'course_name': ' Development Testing 1'}, {'course_id': ' 3199', 'course_name': ' Development Testing 9 Hole'}, {'course_id': ' 5650', 'course_name': ' New Tee Sheet'}, {'course_id': ' 4363', 'course_name': ' Time Frames Testing'}, {'course_id': ' 4750', 'course_name': ' a'}]"
170,https://foreupsoftware.com/index.php/booking/19427#/welcome,Tony Butler Golf Course,"2640 South ""M"" Street Harlingen, TX 78550 USA ",18,"[{'course_id': '8098', 'course_name': 'Executive 9'}]"
171,https://foreupsoftware.com/index.php/booking/19339#/welcome,Triggs Memorial Golf Course,"1533 Chalkstone Avenue Providence, RI 02909 USA ",,"[{'course_id': '1457', 'course_name': 'Triggs Memorial'}]"
172,https://foreupsoftware.com/index.php/booking/19637#/welcome,Tropics Mini Golf,"98-1101 Moanalua Road Aiea, HI 96701 USA ","9, 18, Both","[{'course_id': '2783', 'course_name': 'Tropics Mini Golf'}]"
173,https://foreupsoftware.com/index.php/booking/19069#/welcome,Two Rivers Golf Course,"150 S Oak Tree Lane Dakota Dunes, SD 57049 USA ",,"[{'course_id': '874', 'course_name': 'Two Rivers'}]"
174,https://foreupsoftware.com/index.php/booking/19057#/welcome,University of Michigan Golf Course,"500 E. Stadium Blvd Ann Arbor, MI 48104 USA ",,"[{'course_id': '837', 'course_name': 'UMGC'}]"
175,https://foreupsoftware.com/index.php/booking/19501#/welcome,Valley View Golf Course,"2501 East Gentile Layton , UT 84040 USA ",,"[{'course_id': '1759', 'course_name': 'Valley View Golf Course'}]"
176,https://foreupsoftware.com/index.php/booking/19755#/welcome,Veenker Memorial Golf Course,"2916 Veenker Dr Ames, IA 50011 USA ",,"[{'course_id': '2407', 'course_name': 'Veenker Memorial Golf Course'}]"
177,https://foreupsoftware.com/index.php/booking/19130#/welcome,Viking Meadows Golf Club,"1788 Viking Blvd NE East Bethel, MN 55011 USA ","9, 18","[{'course_id': '1119', 'course_name': 'Viking Meadows'}]"
178,https://foreupsoftware.com/index.php/booking/19108#/welcome,Vineyard Valley Golf Course,"34 BRAYMAN HOLLOW RD POMFRET CENTER, CT 06259 USA ","9, 18, Both","[{'course_id': '965', 'course_name': 'Vineyard Valley'}]"
179,https://foreupsoftware.com/index.php/booking/19181#/welcome,Webster Golf Club,"440 Salt Road Webster, NY 14580 USA ",,"[{'course_id': '1234', 'course_name': 'Webster Golf Club'}]"
180,https://foreupsoftware.com/index.php/booking/19495#/welcome,Western Lakes Golf Club,"W287 N1963 Oakton Rd Pewaukee, WI 53072 USA ",,"[{'course_id': '1744', 'course_name': 'Western Lakes Golf Club'}]"
181,https://foreupsoftware.com/index.php/booking/19401#/welcome,Westlake Golf Course,"4812 Lakeview Canyon Road Westlake Village, CA 91361 USA ","9, 18","[{'course_id': '1570', 'course_name': 'Westlake California'}]"
182,https://foreupsoftware.com/index.php/booking/19208#/welcome,Wheatland Golf Club,"1253 Cole Street Wheatland, WY 82201 USA ","9, 18","[{'course_id': '2892', 'course_name': 'New Tee Sheet'}, {'course_id': ' 1277', 'course_name': ' Wheatland Golf Club'}]"
183,https://foreupsoftware.com/index.php/booking/19746#/welcome,White Oaks Golf Course,"8480 Sparling Rd Goodells, MI 48027 USA ","9, 18","[{'course_id': '2382', 'course_name': 'White Oaks Golf Course'}]"
184,https://foreupsoftware.com/index.php/booking/19110#/welcome,White Path Golf Course,"1156 Shenandoah Dr Ellijay, GA 30540 USA ",,"[{'course_id': '1112', 'course_name': 'WhitePath'}]"
185,https://foreupsoftware.com/index.php/booking/19476#/welcome,Whitehawk Ranch Golf Club,"PO Box 310 graeagle, CA 96103 USA ","9, 18","[{'course_id': '1712', 'course_name': 'Whitehawk Ranch Golf Club'}]"
186,https://foreupsoftware.com/index.php/booking/19063#/welcome,Wild Wood Country Club,"1201 Rush West Rush Road Rush, NY 14543 USA ",,"[{'course_id': '5967', 'course_name': 'Simulator Bay 1'}, {'course_id': ' 5968', 'course_name': ' Simulator Bay 2'}, {'course_id': ' 6334', 'course_name': ' Simulator Bay 3'}, {'course_id': ' 856', 'course_name': ' Wild Wood'}]"
187,https://foreupsoftware.com/index.php/booking/19870#/welcome,Willow Lakes Golf Club,"2852 Willow Lakes Lane Titusville, FL 32796 USA ","9, 18, Both","[{'course_id': '2789', 'course_name': 'Willow Lakes'}, {'course_id': ' 10945', 'course_name': ' Willow Lakes 9 Hole'}]"
188,https://foreupsoftware.com/index.php/booking/19051#/welcome,Winding Ridge Golf Club,"5450 Bogey Drive Lawrence, IN 46235 USA ","9, 18","[{'course_id': '832', 'course_name': 'Winding Ridge'}]"
189,https://foreupsoftware.com/index.php/booking/19084#/welcome,Winfield Country Club,"PO Box 501 Winfield, KS 67156 USA ","9, 18","[{'course_id': '2890', 'course_name': 'New Tee Sheet'}]"
190,https://foreupsoftware.com/index.php/booking/19529#/welcome,Wisconsin River Golf Club,"705 West River Dr W Stevens Point, WI 54481 USA ","9, 18, Both","[{'course_id': '1790', 'course_name': 'Wisconsin River Golf Club'}]"
