Website Path,Course Title,Location,Courses Values,Courses,Holes
https://foreupsoftware.com/index.php/booking/19640#/welcome,[Demo] Cayacoa Golf Course,"387 S 520 W Lindon, AL 84042 USA ","9055, 5523","9 Hole Test, New Tee Sheet [ID: 5523]","9, 18, Both"
https://foreupsoftware.com/index.php/booking/19466#/welcome,27 Hole Template Demo,"387 S 520 W Lindon, UT 84042 USA ",1695,Graveyard /Windmill,"9, 18"
https://foreupsoftware.com/index.php/booking/19015#/welcome,A.H. Blank Golf Course,"808 Country Line Road Des Moines, IA 50315 USA ",760,BLANK,"9, 18, Both"
https://foreupsoftware.com/index.php/booking/19469#/welcome,Aguila Golf Course,"8440 S. 35th Ave. Phoenix, AZ 85339 USA ",1704,Aguila Golf Course - 9 Hole,9
https://foreupsoftware.com/index.php/booking/19749#/welcome,Ashley Plantation Country Club,"919 Greenfield St Daleville, VA 24083 USA ",2391,Ashley Plantation,"9, 18"
https://foreupsoftware.com/index.php/booking/19717#/welcome,Babe Zaharias Golf Course,"3500 Jimmy Johnson Blvd Port Arthur, TX 77642 USA ",2254,Babe Zaharias,"9, 18, Both"
https://foreupsoftware.com/index.php/booking/19145#/welcome,Bailey Creek Golf Course,"433 Durkin Dr Lake Almanor, CA 96137 USA ",1173,Bailey Creek,
https://foreupsoftware.com/index.php/booking/19361#/welcome,Bangor Municipal Golf Course,"278 WEBSTER AVE BANGOR, ME 04401 USA ","1489, 1584","Championship Course, Kelly Nine",
https://foreupsoftware.com/index.php/booking/19436#/welcome,Benton Golf & Country Club,"P.O. Box 221 Benton, KY 42025 USA ",1626,Benton Golf & Country Club,
https://foreupsoftware.com/index.php/booking/19765#/welcome,BethPage State Park ," 99 Quaker Meeting House Road, Farmingdale, NY, 11735 USA","2431, 2433, 2434, 2432, 2435","Black course, Blue course, Green course, Red course, Yellow course",
https://foreupsoftware.com/index.php/booking/19417#/welcome,Bison Golf Club,"1 N. Bison Preserve Dr Show Low, AZ 85901 USA ","1595, 1594","Birdie Ranch at Silver Creek Golf Club, Bison Golf Club","9, 18, Both"
https://foreupsoftware.com/index.php/booking/19139#/welcome,Blue Heron Hills Golf,"One Country Club Drive Macedon, NY 14502 USA ",1150,The Club at Blue Heron Hills,"9, 18"
https://foreupsoftware.com/index.php/booking/19868#/welcome,Blue Ridge Shadows Golf Club,"456 Shadows Drive Front Royal, VA 22630 USA ",2781,Blue Ridge Shadows,"9, 18, Both"
https://foreupsoftware.com/index.php/booking/19354#/welcome,Blueberry Pines Golf Club,"39161 US Highway 71 Menahga, MN 56464 USA ",1486,Blueberry Pines,
https://foreupsoftware.com/index.php/booking/19643#/welcome,Bowen Island Golf Club,"810 Beach Drive Bowen Island, BC V0N 1G2 CA ",2026,BIGC,"9, 18"
https://foreupsoftware.com/index.php/booking/19105#/welcome,Brentwood Country Club,"100 Pennsylvania Ave Brentwood, NY 11717 USA ",957,Brentwood,"9, 18, Both"
https://foreupsoftware.com/index.php/booking/19228#/welcome,Bridgton Highlands Country Club,"Bridgton Highlands Country Club BRIDGTON, ME 04009 USA ","1300, 9112, 9116","Bridgton, New Tee Sheet, New Tee Sheet",
https://foreupsoftware.com/index.php/booking/19014#/welcome,Bright Grandview Golf Course,"2401 East 29th Street Des Moines, IA 50317 USA ",759,GRANDVIEW,"9, 18, Both"
https://foreupsoftware.com/index.php/booking/19062#/welcome,Broadview Golf Course,"5694 Headleys Mill Pataskala, OH 43062 USA ",855,Championship,
https://foreupsoftware.com/index.php/booking/19865#/welcome,Brookline Golf Course,"1281 West Roxbury Parkway Brookline, MA 02467 USA ",2748,Brookline,
https://foreupsoftware.com/index.php/booking/19611#/welcome,Brown's Run,"6855 Sloebig Rd. Middletown, OH 45042 USA ",2773,Brown's Run C.C.,"9, 18, Both"
https://foreupsoftware.com/index.php/booking/19835#/welcome,Bulle Rock Golf Course,"320 Blenheim Lane Havre de Grace, MD 21078 USA ",2598,Bulle Rock #1,"9, 18, Both"
https://foreupsoftware.com/index.php/booking/19768#/welcome,Buzzcity,"123 Bogle Lane Salisbury , NC 84603 USA ",2456,Buzzcity Golf,"9, 18"
https://foreupsoftware.com/index.php/booking/19511#/welcome,Cabeza de Toro,"Higuey 23000, Dominican Republic Punta Cana, Dominican Republic, La Altagracia JMQ2+VM USA ",3017,New Tee Sheet,
https://foreupsoftware.com/index.php/booking/19260#/welcome,Caledonia Golf Course,"9515 Golf Course Rd Fayetteville, PA 17222 USA ",1353,Caledonia Golf Course,"9, 18"
https://foreupsoftware.com/index.php/booking/19122#/welcome,Candlewick Lake,"13400 Hwy 76 Poplar Grove, IL 61065 USA ",2960,New Tee Sheet,
https://foreupsoftware.com/index.php/booking/19650#/welcome,Casselberry Golf Club,"300 S. Triplet Lake Drive Cassellberry, FL 32707 USA ",2084,Casselberry G.C.,"9, 18, Both"
https://foreupsoftware.com/index.php/booking/19653#/welcome,Causeway Club Demo,"7169 County Road O Erin, ME 84042 USA ","2115, 7506, 8851, 8067, 6573, 7184, 4293, 6503, 8066, 8140, 6405","Causeway Club, Mt. Hood, New Tee Sheet, PickleBall Courts, Pool Lessons, Sim Lesson, TP Country Club, Tennis Courts - Lower, putting green., shuttle, wingfield","9, 18, Both"
https://foreupsoftware.com/index.php/booking/19612#/welcome,Cedar Hill Golf Course,"1137 Park Street Stoughton, MA 02072 USA ",9365,New Tee Sheet,
https://foreupsoftware.com/index.php/booking/19013#/welcome,Cherokee County Country Club,"270 County Road 382 Centre, AL 35960 USA ",758,DAILY,
https://foreupsoftware.com/index.php/booking/19146#/welcome,Clarksville Country Club,"690 Private Road 7010 Clarksville , TX 75426 USA ",1175,Clarksville Country Club,
https://foreupsoftware.com/index.php/booking/19497#/welcome,Clifton Hollow Golf Club,"W12166 820th Avenue River Falls, WI 54022 USA ",1749,Clifton Hollow Golf Club,
https://foreupsoftware.com/index.php/booking/19770#/welcome,Clover Valley Golf Club,"8644 Johnstown Alexandria Road Johnstown, OH 43031 USA ","1391, 2457, 1390, 1389, 1376, 1377","Bent Tree (Ohio), Clover Valley, Glenross, Golf Club of Dublin, New Albany Links, Royal American","9, 18, Both"
https://foreupsoftware.com/index.php/booking/19798#/welcome,Coeur d'Alene Golf Club,"2321 W. Fairway Drive Coeur d'Alene, ID 83815 USA ",2483,Coeur d'Alene Golf Club,"9, 18, Both"
https://foreupsoftware.com/index.php/booking/19021#/welcome,Columbia Golf Club,"125 AA Road Columbia, IL 62236 USA ","792, 781","Bridges, Columbia",
https://foreupsoftware.com/index.php/booking/19183#/welcome,Costa Del Sol,"100 COSTA DEL SOL BLVD MIAMI, FL 33178 USA ",3084,CDS Golf Club 2019,"9, 18"
https://foreupsoftware.com/index.php/booking/19201#/welcome,Cove View Golf Course,"1315 West 1800 South Richfield, UT 84701 USA ",1265,Cove View,
https://foreupsoftware.com/index.php/booking/19534#/welcome,Coyote Creek Golf Course,"222 Clubhouse Drive Fort Lupton, CO 80621 USA ",1798,Coyote Creek Golf Course,"9, 18"
https://foreupsoftware.com/index.php/booking/19462#/welcome,Crazy Horse Sports Club & Golf Course,"922 Crazy Horse Road Hutchinson, KS 67502 USA ","1677, 6204","Crazy Horse Sports Club, Golf Simulator Room",
https://foreupsoftware.com/index.php/booking/19603#/welcome,Crystal Springs Golf Course,"N8055 French Road Seymour, WI 54165 USA ",1915,Crystal Springs Golf Course,
https://foreupsoftware.com/index.php/booking/19329#/welcome,Cypress Creek Golf Course,"34 Cypress Creek Crossing Cabot, AR 72023 USA ",1443,Cypress Creek,"9, 18"
https://foreupsoftware.com/index.php/booking/19390#/welcome,Daytona Golf Club,"14730 Lawndale Ln Dayton, MN 55330 USA ",1908,Daytona Golf Club,
https://foreupsoftware.com/index.php/booking/19744#/welcome,Deer Park Golf Club,"1201 N Country Club Dr Deer Park, WA 99006 USA ",2378,18 Hole,"9, 18"
https://foreupsoftware.com/index.php/booking/19357#/welcome,Defuniak Springs Country Club - 1,"171 Country Club Ln. Defuniak Springs, FL 32435 USA ","1483, 2920","Defuniak Springs Country Club, New Tee Sheet",
https://foreupsoftware.com/index.php/booking/19625#/welcome,Demo 50," The Colony, TX 80014 USA ",1955,Demo Tee Sheet,"9, 18, Both"
https://foreupsoftware.com/index.php/booking/19187#/welcome,Demo Account 75," Alamamogordo, NM 33947 USA ","8084, 3043","27 Holes, Long Meadow to White Marsh","9, 18, Both"
https://foreupsoftware.com/index.php/booking/19677#/welcome,Development Testing - Apriva,"387 S 520 W Lindon, AL 84042 USA ","2157, 2225","Dev Testing Apriva, No sheet set to default Test","9, 18"
https://foreupsoftware.com/index.php/booking/19533#/welcome,Diamond Valley Golf Club,"31220 Sage Road Hemet, CA 92543 USA ",1795,Diamond Valley Golf (Slow Greens),18
https://foreupsoftware.com/index.php/booking/19799#/welcome,Diamond Woods Golf Course,"96040 Territorial Highway Monroe, OR 97456 USA ","2482, 8632","Diamond Woods, Simulator","9, 18"
https://foreupsoftware.com/index.php/booking/19506#/welcome,Dinaland Golf Course,"675 South 2000 East Vernal, UT 84078 USA ",1826,Dinaland Golf Course,
https://foreupsoftware.com/index.php/booking/19366#/welcome,Dogwood Hills Golf Course,"1193 Debord Rd Chillicothe, OH 45601 USA ",5146,Dogwood Hills Golf Course,
https://foreupsoftware.com/index.php/booking/19503#/welcome,Eagle Glen Golf Club (Cancelled),"129 South Eagle Trail Columbia City, IN 46725 USA ",1766,Eagle Glen Golf Club,"9, 18"
https://foreupsoftware.com/index.php/booking/19046#/welcome,Edgewood Golf Course (MA),"161 Sheep Pasture Road Southwick, MA 01077 USA ",964,Edgewood Golf Course,
https://foreupsoftware.com/index.php/booking/19022#/welcome,Elmhurst Country Club Pro Shop,"300 Jonslea Lane Roaring Brook, PA 18444 USA ",1132,Online Accounts,"9, 18"
https://foreupsoftware.com/index.php/booking/19202#/welcome,Emerald Greens Golf Course,"14425 Goodwin Ave, Hastings, MN 55033 USA ","1266, 1308","Gold, Silver",
https://foreupsoftware.com/index.php/booking/19255#/welcome,Fenton Farms Golf Club,"12312 Torrey Road Fenton, MI 48430 USA ",1342,Fenton Farms,"9, 18, Both"
https://foreupsoftware.com/index.php/booking/19862#/welcome,Flint River Municipal Golf Course,"2000 McAdams Rd Albany, GA 31705 USA ","2713, 11360, 11361","Flint River, Flintriver 18, Flintriver 18",
https://foreupsoftware.com/index.php/booking/19587#/welcome,Forest Dale Golf Course,"2375 South 900 East Salt Lake City, UT 84106 USA ",1900,Forest Dale Golf Course,9
https://foreupsoftware.com/index.php/booking/19619#/welcome,Fossil Island Golf Club,"220 Wyoming Hwy. 233 Kemmerer, WY 83101 USA ",1943,Fossil Island Golf Course Tee Sheet,
https://foreupsoftware.com/index.php/booking/19044#/welcome,Fountains Golf and Banquet,"6060 Maybee Road Clarkston, MI 48346 USA ",894,Fountains Golf Course,"9, 18, Both"
https://foreupsoftware.com/index.php/booking/19184#/welcome,Frasch Park Golf Course & Grill,"400 Picard Road Sulphur, LA 70663 USA ","10152, 11138, 1244",", 2024 Frasch Park GC, Frasch Park Golf Course","9, 18, Both"
https://foreupsoftware.com/index.php/booking/19600#/welcome,Gates Park Golf Course (CANCELLED),"820 East Donald Street Waterloo, IA 50703 USA ","2371, 2771","Simulator, Test","9, 18"
https://foreupsoftware.com/index.php/booking/19800#/welcome,Genesee Valley Golf Course,"1000 E River Rd Rochester, NY 14623 USA ","2506, 2507, 2489, 2487, 2503","Churchville East, Churchville West, Durand Eastman Golf Course, Genesee Valley North, Genesee Valley South",
https://foreupsoftware.com/index.php/booking/19483#/welcome,Glen Ivy Golf Club,"24400 Trilogy Parkway Corona, CA 92883 USA ",1727,Glen Ivy Golf Club,"9, 18"
https://foreupsoftware.com/index.php/booking/19066#/welcome,Golden Pheasant Golf Club,"141 Country Club Drive Lumberton, NJ 08048 USA ",970,Golden Pheasant Golf Club,
https://foreupsoftware.com/index.php/booking/19536#/welcome,Grapevine Golf Course,"DBA:GRAPEVINE GOLF COURSE GRAPEVINE, TX 76051 USA ",1832,Primary,18
https://foreupsoftware.com/index.php/booking/19580#/welcome,Greenhills Golf Course,"PO Box 206 Ravenswood, WV 26164 USA ",1867,Greenhills Golf Course,
https://foreupsoftware.com/index.php/booking/19136#/welcome,Halcrow Lake Golf & Country Club,"PO Box 2606 The Pas, Manitoba, MB R9A 1M3 CA ",1126,Halcrow Lake,
https://foreupsoftware.com/index.php/booking/19170#/welcome,Hartwell Golf Club,"755 Golf Course Road Hart County, GA 30643 USA ",1214,Hartwell,
https://foreupsoftware.com/index.php/booking/19557#/welcome,Hickory Hill Golf Course,"200 North Lowell Street Methuen, MA 01844 USA ",1829,Hickory Hill Golf Course,"9, 18, Both"
https://foreupsoftware.com/index.php/booking/19351#/welcome,Hillcrest Golf Club (SK),"PO Box 277 (1599 Main St N) Moose Jaw , SK S6H 4N9 CA ",1479,Hillcrest,
https://foreupsoftware.com/index.php/booking/19634#/welcome,Hobbit's Glen Golf Club (DEMO),"11130 Willow Bottom Drive Columbia, MD 84057 USA ",1978,Genesee Valley,"9, 18"
https://foreupsoftware.com/index.php/booking/19377#/welcome,Hunters Creek Golf,"702 Hunters Creek Blvd Greenwood, SC 29649 USA ",1549,Hunter's Creek,"9, 18"
https://foreupsoftware.com/index.php/booking/19395#/welcome,Indian Creek Golf Course,"3605 Brookside Drive Hood River, OR 97031 USA ",1563,Indian Creek,18
https://foreupsoftware.com/index.php/booking/19715#/welcome,Inshalla Country Club,"N11060 Clear Lake Rd Tomahawk, WI 54487 USA ",2251,Inshalla Country Club,
https://foreupsoftware.com/index.php/booking/19048#/welcome,Ironwood Golf Club,"10955 Fall Road Fishers, IN 46037 USA ","1411, 1412","Ironwood 18, Ironwood 9",18
https://foreupsoftware.com/index.php/booking/19479#/welcome,Island Pines Golf Club,"5700 Indian Pines Blvd Ft. Pierce, FL 34951 USA ",1719,Island Pines Golf Club,"9, 18"
https://foreupsoftware.com/index.php/booking/19727#/welcome,Kilmarlic Golf Club,"215 Westside Lane Powell's Point, NC 27966 USA ",2312,Kilmarlic Golf Club,"9, 18"
https://foreupsoftware.com/index.php/booking/19742#/welcome,King City Golf Course,"15355 SW Royalty Pkwy King City, OR 97224 USA ",2376,King City Golf Course,"9, 18"
https://foreupsoftware.com/index.php/booking/19837#/welcome,K's Creek Golf Club,"1265 Sandusky Rd Jacksonville, IL 62650 USA ","9052, 9053","Simulator Bay 2, Simulator Bay 3","9, 18, Both"
https://foreupsoftware.com/index.php/booking/19352#/welcome,Lake Almanor Country Club,"951 Clifford Dr. Lake Almanor, CA 96137 USA ",1480,Lake Almanor Country Club,"9, 18"
https://foreupsoftware.com/index.php/booking/19505#/welcome,Lake Hallie Golf,"2196 110th St Chippewa Falls, WI 54729 USA ",1768,Lake Hallie Golf Club,"9, 18, Both"
https://foreupsoftware.com/index.php/booking/19450#/welcome,Lake Oswego Public Golf Course,"17525 Stafford Road Lake Oswego, OR 97034 USA ","1660, 3135","Lake Oswego Public Golf Course, New Tee Sheet","9, 18"
https://foreupsoftware.com/index.php/booking/19345#/welcome,Lake St. Catherine Country Club,"2395 VT-30 Poultney, VT 05764 USA ",1466,Lake St. Catherine,
https://foreupsoftware.com/index.php/booking/19157#/welcome,Lake Toccoa Facilities,"201 Black Mountain Road Toccoa, GA 30577 USA ","1201, 1189, 10830","April 1 - October 1, Lake Toccoa, Winter",
https://foreupsoftware.com/index.php/booking/19446#/welcome,Lake Wales Country Club,"2925 Highway 60 East Lake Wales, FL 33898 USA ",1655,Lake Wales Country Club,"9, 18"
https://foreupsoftware.com/index.php/booking/19009#/welcome,Lake Wissota Golf,"16108 97th Ave. Chippewa Falls, WI 54729 USA ",847,Lake Wissota,"9, 18"
https://foreupsoftware.com/index.php/booking/19380#/welcome,Lakeside Golf Club,"405 Watts Lane Canyon Lake, TX 78133 USA ",1548,Lakeside Golf Club,"9, 18"
https://foreupsoftware.com/index.php/booking/19257#/welcome,Largo Golf Course,"12500 Vonn Rd Largo, FL 33774 USA ",1351,Largo Golf Course,"9, 18, Both"
https://foreupsoftware.com/index.php/booking/19651#/welcome,Lawrenceburg Golf & Country Club,"1901 West Gaines St. Lawrenceburg, TN 38464 USA ",2074,Lawrenceburg Golf & Country Club,"9, 18"
https://foreupsoftware.com/index.php/booking/19522#/welcome,Legacy Hills,"299 W Johnson Rd La Porte, IN 46350 USA ",1782,Legacy Hills,
https://foreupsoftware.com/index.php/booking/19464#/welcome,Linville Falls Golf Club,"210 Blue Ridge Dr N Marion, NC 28752 USA ",1685,Linville Falls Golf Club,"9, 18"
https://foreupsoftware.com/index.php/booking/19035#/welcome,Logan River Golf Course,"550 West 1000 South Logan, UT 84321 USA ",799,Logan River,
https://foreupsoftware.com/index.php/booking/19671#/welcome,Mangrove Bay,"875 62nd Ave. NE St. Petersburg, FL 33702 USA ",2149,Mangrove Bay,"9, 18, Both"
https://foreupsoftware.com/index.php/booking/19430#/welcome,Manitou Passage Golf Club,"4600 Club Drive Cedar, MI 49621 USA ",1608,Manitou Passage Golf Club,
https://foreupsoftware.com/index.php/booking/19060#/welcome,Markdale Golf & Curling Club,"85 Edith Avenue Markdale, ON N0C1H0 CA ","2767, 851","New Tee Sheet, Weekday Tee Sheet",18
https://foreupsoftware.com/index.php/booking/19179#/welcome,Mason Rudolph Golf Course,"1514 Golf Club Lane Clarksville, TN 37043 USA ",2479,Mason Rudolph,
https://foreupsoftware.com/index.php/booking/19375#/welcome,Massanutten Resort,"1822 Resort Drive McGaheysville, VA 22840 USA ","1541, 1542","Mountain Greens GC, Woodstone Meadows GC",
https://foreupsoftware.com/index.php/booking/19103#/welcome,Menifee Lakes Country Club,"29875 Menifee Lakes Dr Menifee, CA 92584 USA ","968, 954, 1676","Palms Course, Lakes Course, Seven Hills Golf Course","9, 18, Both"
https://foreupsoftware.com/index.php/booking/19531#/welcome,Meriwether National Golf Club,"5200 Rood Bridge Road Hillsboro, OR 97123 USA ",1793,Meriwether National Golf Club,"9, 18"
https://foreupsoftware.com/index.php/booking/19416#/welcome,Mount Vintage Golf Club,"375 Mount Vintage Plantation Drive North Augusta, SC 29860 USA ","1944, 1916","3rd Nine, Mount Vintage Golf Club","9, 18"
https://foreupsoftware.com/index.php/booking/19196#/welcome,Mt. Ogden Golf Course,"1787 Constitution Way Ogden, UT 84401 USA ",1259,Mt. Ogden,
https://foreupsoftware.com/index.php/booking/19227#/welcome,Nonesuch River Golf Club,"304 Gorham Rd Scarborough, ME 04074 USA ",1301,Nonesuch,
https://foreupsoftware.com/index.php/booking/19597#/welcome,Oak Hills Golf Club Ltd.,"1538 Frankford-Stirling Rd Stirling, ON K0K 3E0 CA ",1890,Highland Course / Glen Course,"9, 18, Both"
https://foreupsoftware.com/index.php/booking/19156#/welcome,Oakland Golf Club,"100 N Parson Oakland, NE 68045 USA ",1188,Oakland,"9, 18, Both"
https://foreupsoftware.com/index.php/booking/19530#/welcome,Orchard Creek Golf Club,"6700 Dunnsville Road Altamont, NY 12009 USA ",1791,Orchard Creek Golf Club,"9, 18, Both"
https://foreupsoftware.com/index.php/booking/19029#/welcome,Palo Duro Creek,"50 Country Club Dr. Canyon, TX 79015 USA ",790,Palo Duro Creek,
https://foreupsoftware.com/index.php/booking/19126#/welcome,Panther Creek Golf Club,"4641 State Route 1514 Utica, KY 42376 USA ",1110,Panther Creek,"9, 18"
https://foreupsoftware.com/index.php/booking/19087#/welcome,Papio Greens Golf Center,"11050 South 66th Street Papillion, NE 68133 USA ",924,Papio Greens,"9, 18"
https://foreupsoftware.com/index.php/booking/19683#/welcome,PCC-WRC,"69772 HWY 395 S PENDLETON, OR 97801 USA ",2181,Pendleton Golf Club - WRC,"9, 18"
https://foreupsoftware.com/index.php/booking/19006#/welcome,Pebble Creek Golf Club,"14000 Clubhouse Lane, PO Box 250 Becker, MN 55308 USA ","1680, 1681","Championship, Local 9",
https://foreupsoftware.com/index.php/booking/19730#/welcome,Peninsula Golf Course,"9604 Pacific Hwy Long Beach, WA 98631 USA ",2314,Peninsula Golf Course,
https://foreupsoftware.com/index.php/booking/19155#/welcome,Phoenix Lake Golf Course,"21448 Paseo de los Portales Sonora, CA 95370 USA ",1187,Phoenix Lake,9
https://foreupsoftware.com/index.php/booking/19532#/welcome,Pine Dunes Resort,"159 Private Road 7019 Frankston, TX 75763 USA ",1794,Pine Dunes Resort,
https://foreupsoftware.com/index.php/booking/19567#/welcome,Platteville Country Club,"6729 N Water St. P.O. Box 434 Platteville, WI 53818 USA ",1843,Platteville Country Club,
https://foreupsoftware.com/index.php/booking/19194#/welcome,Players Indoor Golf & Sports Bar - Kitchener *Old,"7-1373 Victoria St., N. Kitchener, N2B 3R6 CA ",2364,Players Indoor Golf and Sports Bar - Kitchener,
https://foreupsoftware.com/index.php/booking/19000#/welcome,Pleasant Valley Golf Course,"4390 Pleasant Valley Drive SE Iowa City, IA 52240 USA ",735,Championship,
https://foreupsoftware.com/index.php/booking/19504#/welcome,Princeton Golf Course,"301 Golf Course Rd Princeton, MN 55371 USA ",1767,Princeton Golf Course,
https://foreupsoftware.com/index.php/booking/19662#/welcome,Quail Crossing Golf Club,"5 Quail Crossing Drive Boonville, IN 47601 USA ",2128,Quail Crossing,
https://foreupsoftware.com/index.php/booking/19852#/welcome,Quailwood Greens Golf Course,"12200 AZ-69 Dewey, AZ 86327 USA ",2678,Quailwood Greens Golf Course,
https://foreupsoftware.com/index.php/booking/19365#/welcome,Rendezvous Meadows Golf Course,"55 Club House Rd Pinedale, WY 82941 USA ",1527,Rendevzous Meadows,"9, 18"
https://foreupsoftware.com/index.php/booking/19525#/welcome,Rich Valley Golf,"227 Rich Valley Road Mechanicsburg, PA 17050 USA ","8436, 1785","New Tee Sheet, Rich Valley Golf",
https://foreupsoftware.com/index.php/booking/19509#/welcome,River Valley Community Course,"P.O. Box 71 Monticello, MO 63457 USA ","1941, 1773","Disc Golf, River Valley Community Course","9, 18"
https://foreupsoftware.com/index.php/booking/19112#/welcome,Rivers Edge Golf Club at Burley,"131 East Highway 81 Burley, ID 83318 USA ","4991, 1099","Rivers Edge 2.0 Tee Sheet, Rivers Edge In Season","9, 18, Both"
https://foreupsoftware.com/index.php/booking/19832#/welcome,Rolling Fields Golf Club (OLD),"4138 Hankey Church Road Murrysville, PA 15668 USA ","2586, 2622, 2623","Rolling Fields Golf Club, Simulator 1, Simulator 2","9, 18"
https://foreupsoftware.com/index.php/booking/19772#/welcome,Rolling Hills Golf Course (AZ),"8900 E. 29th St. Tucson, AZ 85710 USA ",2465,Rolling Hills Golf Course,"9, 18, Both"
https://foreupsoftware.com/index.php/booking/19851#/welcome,Rooster Run Golf Club,"2301 East Washington St Petaluma, CA 94954 USA ",2677,Rooster Run,"9, 18, Both"
https://foreupsoftware.com/index.php/booking/19410#/welcome,Rotonda Golf & Country Club: Pinemoor Golf Course,"80 Clubhouse RD Rotonda, FL 33947 USA ",1585,Pinemoor,"9, 18, Both"
https://foreupsoftware.com/index.php/booking/19411#/welcome,Rotonda Golf & Country Club: The Palms Golf Course,"266 B Rotonda Circle Rotonda West, FL 33947 USA ",1586,The Palms,"9, 18, Both"
https://foreupsoftware.com/index.php/booking/19486#/welcome,Salem Country Club (OLD),"700 Divot Drive Salem, IL 62881 USA ",1734,Salem Country Club,
https://foreupsoftware.com/index.php/booking/19129#/welcome,Salmon Run Golf Course,"99040 South Bank Chetco River Rd. Brookings, OR 97415 USA ",1117,Salmon Run GC,
https://foreupsoftware.com/index.php/booking/19954#/welcome,Sand Creek Golf Course,"5200 S 25th E Idaho Falls, ID 83404 USA ",3062,Sand Creek,
https://foreupsoftware.com/index.php/booking/19071#/welcome,Sandy Burr Country Club,"88 Cochituate Rd Wayland, MA 01778 USA ",884,Sandy Burr,18
https://foreupsoftware.com/index.php/booking/19229#/welcome,Sanford Country Club,"588 Country Club Road, Route 4 Sanford, ME 04073 USA ",1303,Sanford,
https://foreupsoftware.com/index.php/booking/19203#/welcome,Setup Training Account 7,"8675309 Chicago Way Bettendorf , IA 52722 USA ","2347, 2350","Carolina Club, The Pointe Golf Club","9, 18"
https://foreupsoftware.com/index.php/booking/19461#/welcome,Seven Hills Golf Course,"1537 S. Lyon Ave Hemet, CA 92584 USA ","968, 954, 1676","Palms Course, Lakes Course, Seven Hills Golf Course","9, 18, Both"
https://foreupsoftware.com/index.php/booking/19639#/welcome,Seven Hills Golfers Club,"10599 Fairchild Road Spring Hill, FL 34608 USA ",1996,Seven Hills Golfers Club,"9, 18"
https://foreupsoftware.com/index.php/booking/19072#/welcome,Shamrock Golf Course,"19625 Larkin Road Corcoran, MN 55340 USA ",886,Shamrock Golf Course,
https://foreupsoftware.com/index.php/booking/19074#/welcome,Sherwood Forest Golf Course,"N580 Robinhood Drive Sherwood, WI 54169 USA ",888,Sherwood Forest Golf Club,9
https://foreupsoftware.com/index.php/booking/19333#/welcome,Short Beach Golf Course,"One Dorne Drive Stratford, CT 06615 USA ",1450,Short Beach,"9, 18, Both"
https://foreupsoftware.com/index.php/booking/19328#/welcome,Skyway Golf Course,"432 Country Club Dr Tremonton, UT 84337 USA ","9785, 1441","Sim 2024, Skyway",
https://foreupsoftware.com/index.php/booking/19052#/welcome,Smock Golf Course,"3910 East County Line Road Indianapolis, IN 46237 USA ",922,Smock GC,
https://foreupsoftware.com/index.php/booking/19620#/welcome,Soule Park Golf Course,"1033 E. Ojai Avenue OJAI, CA 93023 USA ",1945,Soule Park Golf Course,"9, 18, Both"
https://foreupsoftware.com/index.php/booking/19141#/welcome,Spring Lakes Golf Club,"1591 Springplace Smyrna Rd Chatsworth, GA 30705 USA ","9842, 1153","Simulator, Spring Lakes",
https://foreupsoftware.com/index.php/booking/19750#/welcome,St. Albans Golf Club,"3833 Northridge Rd. Alexandria, OH 43001 USA ",2392,St. Albans Golf Club,
https://foreupsoftware.com/index.php/booking/19485#/welcome,St. Andrews Golf Club (Old),"8799 Edinburg Dr Winston, GA 30187 USA ",1733,St. Andrews Golf Club,"9, 18"
https://foreupsoftware.com/index.php/booking/19829#/welcome,Stix Golf Entertainment,"W164 N11271 Squire Dr Germantown, WI 53022 USA ",2589,Stix Golf,
https://foreupsoftware.com/index.php/booking/19217#/welcome,StonyCreek Golf Club,"11800 E 166th Street Noblesville, IN 46060 USA ","7873, 7874, 1291","Simulator 1, Simulator 2, StonyCreek Golf Club","9, 18"
https://foreupsoftware.com/index.php/booking/19741#/welcome,Sugar Lake Lodge,"37584 Otis Lane Cohasset, MN 55721 USA ",2360,Sugarbrooke G.C.,
https://foreupsoftware.com/index.php/booking/19311#/welcome,SugarTree Golf Club,"251 SugarTree Drive Lipan, TX 76462 USA ",1422,"SugarTree Golf Club, Lipan, TX",
https://foreupsoftware.com/index.php/booking/19449#/welcome,Tahoe City Golf Course,"251 N Lake Blvd Tahoe City, CA 96145 USA ","1659, 5577","Tahoe City Golf Course, WSP Ice Rink",
https://foreupsoftware.com/index.php/booking/19027#/welcome,Talons Cove Golf Course,"2220 South Talons Cove Drive Saratoga Springs, UT 84045 USA ",788,TalonsCove,
https://foreupsoftware.com/index.php/booking/19889#/welcome,Test Course 2," , USA ",2834,Test Course 2,"9, 18"
https://foreupsoftware.com/index.php/booking/19645#/welcome,Thanksgiving Point Golf Club,"3300 West Club House Dr Lehi, UT 84043 USA ",2034,Thanksgiving Point Golf Course,
https://foreupsoftware.com/index.php/booking/19433#/welcome,The 500 Club,"4707 W. Pinnacle Peak Rd. Glendale, AZ 85310 USA ","1612, 1616","The 500 Club, The Futures Course","9, 18, Both"
https://foreupsoftware.com/index.php/booking/19124#/welcome,The Cedars on Salmon Creek,"15001 NE 181st Street Brush Prairie, WA 98606 USA ","3905, 1107","SkyTrak Tee Sheet, The Cedars on Salmon Creek","9, 18"
https://foreupsoftware.com/index.php/booking/19221#/welcome,The Chief golf Course,"5085 Shanty Creek Rd Bellaire, MI 49615 USA ",1731,Chief 2018,
https://foreupsoftware.com/index.php/booking/19774#/welcome,The Club at PB Dye,"9526 Doctor Perry Road Ijamsville, MD 21754 USA ","10568, 2477","New Tee Sheet, PB Dye Golf Club","9, 18, Both"
https://foreupsoftware.com/index.php/booking/19517#/welcome,The Golf Club at Quail Ridge,"5634 Quail Ridge Drive Sanford, NC 27332 USA ",4459,New Tee Sheet,"9, 18"
https://foreupsoftware.com/index.php/booking/19615#/welcome,The Golf Course at Sand Hollow Resort,"5662 W. Clubhouse Dr. Hurricane, UT 84737 USA ","1935, 1948","Championship Course, The Links Course","9, 18, Both"
https://foreupsoftware.com/index.php/booking/19030#/welcome,The Landings at Spirit Golf Club,"180 N. Eatherton Road Chesterfield, MO 63005 USA ",791,Championship,"9, 18, Both"
https://foreupsoftware.com/index.php/booking/19607#/welcome,The Links at Lang Farm,"39 Essex Way Essex Junction, VT 05452 USA ",5225,THE LINKS AT LANG FARM,
https://foreupsoftware.com/index.php/booking/19396#/welcome,The Links at Sleepy Ridge,"730 S Sleepy Ridge Dr Orem, UT 84058 USA ",1726,Sleepy Ridge,
https://foreupsoftware.com/index.php/booking/19011#/welcome,The Links at Teton Peaks,"127 North 4000 West Driggs, ID 83422 USA ",753,Teton Peaks,
https://foreupsoftware.com/index.php/booking/19153#/welcome,The Patch - Augusta Municipal,"2023 Highland Ave Augusta, GA 30904 USA ",1200,Augusta Municipal Golf Course,"9, 18"
https://foreupsoftware.com/index.php/booking/19613#/welcome,The Ranches,"4128 E Clubhouse Ln Eagle Mountain, UT 84005 USA ","8326, 9254, 9019, 9056, 9057, 1934","Millsite Golf Course, Simulator, The Golf Lounge - Bay 1, The Golf Lounge - Bay 2, The Golf Lounge - Bay 3, The Ranches Golf Course","9, 18, Both"
https://foreupsoftware.com/index.php/booking/19490#/welcome,The River Golf Course,"4402 Country Road 152 International Falls, MN 56649 USA ",1866,The River Golf,"9, 18"
https://foreupsoftware.com/index.php/booking/19849#/welcome,The Summit Golf Club,"31286 Highway 19 Blvd Cannon Falls, MN 55009 USA ","2654, 2666","The Summit Golf Club - Championship, The Summit Golf Club Executive 9",18
https://foreupsoftware.com/index.php/booking/19220#/welcome,The Willows at Runk and Pratt,"540 Fairway Ln Hurt, VA 24563 USA ",1296,The Willows,"9, 18"
https://foreupsoftware.com/index.php/booking/19467#/welcome,Timpanogos Valley Golf Course,"4211 Valley View Dr Timpanogos Valley, UT 0 USA ","3408, 5720, 5098, 5100, 5101, 4790, 1699, 3199, 5650, 4363, 4750","Aggregate Tee Sheet, Ancient Egypt, BD | 09-Holes [ID: 5098], BD | 18-Holes [ID: 5100], BD | 27-Holes [ID: 5101], Black Tie | 27-Hole [ID: 4790], Development Testing 1, Development Testing 9 Hole, New Tee Sheet, Time Frames Testing, a","9, 18"
https://foreupsoftware.com/index.php/booking/19427#/welcome,Tony Butler Golf Course,"2640 South ""M"" Street Harlingen, TX 78550 USA ",8098,Executive 9,18
https://foreupsoftware.com/index.php/booking/19339#/welcome,Triggs Memorial Golf Course,"1533 Chalkstone Avenue Providence, RI 02909 USA ",1457,Triggs Memorial,
https://foreupsoftware.com/index.php/booking/19637#/welcome,Tropics Mini Golf,"98-1101 Moanalua Road Aiea, HI 96701 USA ",2783,Tropics Mini Golf,"9, 18, Both"
https://foreupsoftware.com/index.php/booking/19069#/welcome,Two Rivers Golf Course,"150 S Oak Tree Lane Dakota Dunes, SD 57049 USA ",874,Two Rivers,
https://foreupsoftware.com/index.php/booking/19057#/welcome,University of Michigan Golf Course,"500 E. Stadium Blvd Ann Arbor, MI 48104 USA ",837,UMGC,
https://foreupsoftware.com/index.php/booking/19501#/welcome,Valley View Golf Course,"2501 East Gentile Layton , UT 84040 USA ",1759,Valley View Golf Course,
https://foreupsoftware.com/index.php/booking/19755#/welcome,Veenker Memorial Golf Course,"2916 Veenker Dr Ames, IA 50011 USA ",2407,Veenker Memorial Golf Course,
https://foreupsoftware.com/index.php/booking/19130#/welcome,Viking Meadows Golf Club,"1788 Viking Blvd NE East Bethel, MN 55011 USA ",1119,Viking Meadows,"9, 18"
https://foreupsoftware.com/index.php/booking/19108#/welcome,Vineyard Valley Golf Course,"34 BRAYMAN HOLLOW RD POMFRET CENTER, CT 06259 USA ",965,Vineyard Valley,"9, 18, Both"
https://foreupsoftware.com/index.php/booking/19181#/welcome,Webster Golf Club,"440 Salt Road Webster, NY 14580 USA ",1234,Webster Golf Club,
https://foreupsoftware.com/index.php/booking/19495#/welcome,Western Lakes Golf Club,"W287 N1963 Oakton Rd Pewaukee, WI 53072 USA ",1744,Western Lakes Golf Club,
https://foreupsoftware.com/index.php/booking/19401#/welcome,Westlake Golf Course,"4812 Lakeview Canyon Road Westlake Village, CA 91361 USA ",1570,Westlake California,"9, 18"
https://foreupsoftware.com/index.php/booking/19208#/welcome,Wheatland Golf Club,"1253 Cole Street Wheatland, WY 82201 USA ","2892, 1277","New Tee Sheet, Wheatland Golf Club","9, 18"
https://foreupsoftware.com/index.php/booking/19746#/welcome,White Oaks Golf Course,"8480 Sparling Rd Goodells, MI 48027 USA ",2382,White Oaks Golf Course,"9, 18"
https://foreupsoftware.com/index.php/booking/19110#/welcome,White Path Golf Course,"1156 Shenandoah Dr Ellijay, GA 30540 USA ",1112,WhitePath,
https://foreupsoftware.com/index.php/booking/19476#/welcome,Whitehawk Ranch Golf Club,"PO Box 310 graeagle, CA 96103 USA ",1712,Whitehawk Ranch Golf Club,"9, 18"
https://foreupsoftware.com/index.php/booking/19063#/welcome,Wild Wood Country Club,"1201 Rush West Rush Road Rush, NY 14543 USA ","5967, 5968, 6334, 856","Simulator Bay 1, Simulator Bay 2, Simulator Bay 3, Wild Wood",
https://foreupsoftware.com/index.php/booking/19870#/welcome,Willow Lakes Golf Club,"2852 Willow Lakes Lane Titusville, FL 32796 USA ","2789, 10945","Willow Lakes, Willow Lakes 9 Hole","9, 18, Both"
https://foreupsoftware.com/index.php/booking/19051#/welcome,Winding Ridge Golf Club,"5450 Bogey Drive Lawrence, IN 46235 USA ",832,Winding Ridge,"9, 18"
https://foreupsoftware.com/index.php/booking/19084#/welcome,Winfield Country Club,"PO Box 501 Winfield, KS 67156 USA ",2890,New Tee Sheet,"9, 18"
https://foreupsoftware.com/index.php/booking/19529#/welcome,Wisconsin River Golf Club,"705 West River Dr W Stevens Point, WI 54481 USA ",1790,Wisconsin River Golf Club,"9, 18, Both"
